,Monday,Tuesday,Wednesday,Thursday,Friday,Saturday,Sunday
date:,,,,,,,
r:,,,,,,,
7:00AM,,,,,,,
8:00AM,,,,,,,
9:00AM,,,,,,,
10:00AM,,,,,,,
11:00AM,,,,,,,
12:00PM,,,,,,,
13:00PM,,,,,,,
14:00PM,,,,,,,
15:00PM,,,,,,,
16:00PM,,,,,,,
17:00PM,,,,,,,
18:00PM,,,,,,,
19:00PM,,,,,,,
20:00PM,,,,,,,
21:00PM,,,,,,,
22:00PM,,,,,,,
23:00PM,,,,,,,
s:,,,,,,,
raw total,0,,,,,,
bonus space!,,,,,,,
bonus space!,,,,,,,
bonus space!,,,,,,,
bonus space!,,,,,,,
bonus space!,,,,,,,
bonus space!,,,,,,,
bonus space!,,,,,,,
bonus space!,,,,,,,
bonus space!,,,,,,,
FINAL TOTAL,0,,,,,,
